37.8255,-122.4825,1,0,Car-Dependent,2015-05-19 18:42:24.406600
37.8255,-122.478,1,1,Car-Dependent,2015-05-19 18:42:03.743050
37.8255,-122.4735,1,1,Car-Dependent,2013-08-11 01:36:08.378650
37.8255,-122.4675,1,1,Car-Dependent,2013-08-11 01:36:08.456960
37.8255,-122.463,1,0,Car-Dependent,2013-08-11 01:36:09.521780
37.8255,-122.4585,1,0,Car-Dependent,2013-08-11 01:36:09.555060
37.8255,-122.4525,1,0,Car-Dependent,2013-08-11 01:36:09.913910
37.8255,-122.448,1,0,Car-Dependent,2013-08-11 01:36:09.945770
37.8255,-122.4435,1,1,Car-Dependent,2013-08-11 01:36:09.975450
37.8255,-122.4375,1,2,Car-Dependent,2013-08-11 01:36:10.077190
37.8255,-122.433,1,3,Car-Dependent,2013-08-11 01:36:10.127690
37.8255,-122.4285,1,3,Car-Dependent,2013-08-11 01:36:10.192250
37.8255,-122.4225,1,3,Car-Dependent,2015-05-12 02:00:50.145870
37.8255,-122.418,1,4,Car-Dependent,2013-08-11 01:36:11.349090
37.8255,-122.4135,1,4,Car-Dependent,2013-08-11 01:36:11.390550
37.8255,-122.4075,1,3,Car-Dependent,2013-08-11 01:36:11.449690
37.8255,-122.403,1,1,Car-Dependent,2013-08-11 01:36:11.483880
37.8255,-122.3985,1,0,Car-Dependent,2013-08-11 01:36:11.513380
37.8255,-122.3925,1,0,Car-Dependent,2013-08-11 01:36:11.556770
37.8255,-122.388,1,1,Car-Dependent,2013-08-11 01:36:12.542210
37.8255,-122.3835,1,2,Car-Dependent,2013-08-11 01:36:12.585380
37.8255,-122.3775,1,21,Car-Dependent,2015-04-16 15:17:08.293980
37.8255,-122.373,1,40,Car-Dependent,2015-03-03 19:46:49.874280
37.8255,-122.3685,1,32,Car-Dependent,2015-04-16 16:18:59.350730
37.8255,-122.3625,1,10,Car-Dependent,2013-08-11 01:36:12.932210
37.8255,-122.358,1,5,Car-Dependent,2013-08-11 01:36:12.983370
37.8255,-122.3535,1,1,Car-Dependent,2013-08-11 01:36:13.124760
37.83,-122.5185,1,2,Car-Dependent,2015-05-19 08:29:44.393530
37.83,-122.5125,1,3,Car-Dependent,2015-05-19 08:28:59.054720
37.83,-122.508,1,2,Car-Dependent,2015-05-19 08:28:55.627200
37.83,-122.5035,1,2,Car-Dependent,2015-05-19 08:29:27.983100
37.83,-122.4975,1,2,Car-Dependent,2015-05-19 18:42:03.592390
37.83,-122.493,1,0,Car-Dependent,2015-05-19 18:42:24.196220
37.83,-122.4885,1,0,Car-Dependent,2015-05-19 18:42:09.543460
37.83,-122.4825,1,0,Car-Dependent,2015-05-19 18:42:21.104980
37.83,-122.478,1,0,Car-Dependent,2015-05-19 18:42:03.312720
37.83,-122.4735,1,1,Car-Dependent,2013-08-11 01:36:44.572610
37.83,-122.4675,1,1,Car-Dependent,2013-08-11 01:36:44.620370
37.83,-122.463,1,0,Car-Dependent,2013-08-11 01:36:44.669240
37.83,-122.4585,1,0,Car-Dependent,2013-08-11 01:36:44.700610
37.83,-122.4525,1,0,Car-Dependent,2013-08-11 01:36:44.761800
37.83,-122.448,1,0,Car-Dependent,2013-08-11 01:36:44.833940
37.83,-122.4435,1,1,Car-Dependent,2013-08-11 01:36:44.902260
37.83,-122.4375,1,2,Car-Dependent,2013-08-11 01:36:44.951420
37.83,-122.433,1,3,Car-Dependent,2013-08-11 01:36:45.851860
37.83,-122.4285,1,3,Car-Dependent,2013-08-11 01:36:45.920130
37.83,-122.4225,1,3,Car-Dependent,2013-08-11 01:36:45.955910
37.83,-122.418,1,3,Car-Dependent,2013-08-11 01:36:46.032190
37.83,-122.4135,1,3,Car-Dependent,2013-08-11 01:36:46.121600
37.83,-122.4075,1,2,Car-Dependent,2013-08-11 01:36:46.187490
37.83,-122.403,1,1,Car-Dependent,2013-08-11 01:36:46.234700
37.83,-122.3985,1,0,Car-Dependent,2013-08-11 01:36:47.196790
37.83,-122.3925,1,0,Car-Dependent,2013-08-11 01:36:47.236930
37.83,-122.388,1,0,Car-Dependent,2013-08-11 01:36:47.323080
37.83,-122.3835,1,1,Car-Dependent,2013-08-11 01:36:47.357120
37.83,-122.3775,1,14,Car-Dependent,2015-05-05 02:25:27.514660
37.83,-122.373,1,25,Car-Dependent,2015-05-03 00:13:11.711140
37.83,-122.3685,1,21,Car-Dependent,2015-04-09 02:00:15.536100
37.83,-122.3625,1,4,Car-Dependent,2013-08-11 01:36:47.642470
37.83,-122.358,1,2,Car-Dependent,2013-08-11 01:36:48.497520
37.83,-122.3535,1,1,Car-Dependent,2013-08-11 01:36:48.547030
37.7055,-122.5035,1,2,Car-Dependent,2015-05-12 09:00:05.698700
37.7055,-122.4975,1,9,Car-Dependent,2014-12-24 07:14:09.656600
37.7055,-122.493,1,22,Car-Dependent,2015-04-08 16:50:12.115790
37.7055,-122.4885,1,44,Car-Dependent,2015-04-08 16:49:11.103980
37.7055,-122.4825,1,64,Somewhat Walkable,2015-04-03 22:46:19.557300
37.7055,-122.478,1,53,Somewhat Walkable,2015-01-29 21:10:42.412310
37.7055,-122.4735,1,43,Car-Dependent,2015-05-12 07:55:52.225250
37.7055,-122.4675,1,77,Very Walkable,2015-06-03 10:34:49.685170
37.7055,-122.463,1,84,Very Walkable,2015-01-04 21:30:37.094830
37.7055,-122.4585,1,81,Very Walkable,2015-05-17 18:40:13.040190
37.7055,-122.4525,1,70,Somewhat Walkable,2015-04-19 09:07:54.178010
37.7055,-122.448,1,62,Somewhat Walkable,2015-04-03 04:24:17.881540
37.7055,-122.4435,1,52,Somewhat Walkable,2015-04-09 02:09:18.710840
37.7055,-122.4375,1,38,Car-Dependent,2015-02-07 01:37:19.562890
37.7055,-122.433,1,32,Car-Dependent,2015-01-07 04:01:38.480640
37.7055,-122.4285,1,23,Car-Dependent,2015-04-01 03:34:19.292360
37.7055,-122.4225,1,17,Car-Dependent,2015-01-13 04:34:54.751140
37.7055,-122.418,1,62,Somewhat Walkable,2015-03-18 17:27:20.960330
37.7055,-122.4135,1,69,Somewhat Walkable,2015-04-17 01:38:11.925450
37.7055,-122.4075,1,66,Somewhat Walkable,2015-03-31 00:34:07.361750
37.7055,-122.403,1,27,Car-Dependent,2015-05-15 12:56:38.654530
37.7055,-122.3985,1,28,Car-Dependent,2015-05-15 12:56:43.239570
37.7055,-122.3925,1,20,Car-Dependent,2015-05-15 12:56:50.671980
37.7055,-122.388,1,12,Car-Dependent,2013-08-10 14:52:51.061100
37.7055,-122.3835,1,8,Car-Dependent,2013-08-10 14:52:51.249910
37.7055,-122.3775,1,6,Car-Dependent,2013-08-10 14:52:51.538680
37.7055,-122.373,1,4,Car-Dependent,2013-08-10 14:52:51.733320
37.7055,-122.3685,1,3,Car-Dependent,2013-08-10 14:52:52.020070
37.7055,-122.3625,1,1,Car-Dependent,2013-08-10 14:52:52.277530
37.7055,-122.358,1,0,Car-Dependent,2013-08-10 14:52:52.482900
37.7055,-122.3535,1,0,Car-Dependent,2013-08-10 14:52:53.670240
37.71,-122.5185,1,0,Car-Dependent,2013-08-10 17:17:57.054720
37.71,-122.5125,1,1,Car-Dependent,2013-08-10 17:17:57.109820
37.71,-122.508,1,2,Car-Dependent,2013-08-10 17:17:57.171670
37.71,-122.5035,1,3,Car-Dependent,2015-04-08 20:46:42.124710
37.71,-122.4975,1,9,Car-Dependent,2014-11-29 19:10:47.835030
37.71,-122.493,1,11,Car-Dependent,2015-04-08 16:49:23.227670
37.71,-122.4885,1,23,Car-Dependent,2015-04-08 16:50:01.014640
37.71,-122.4825,1,10,Car-Dependent,2015-04-08 16:50:54.616080
37.71,-122.478,1,21,Car-Dependent,2015-01-10 19:36:04.607720
37.71,-122.4735,1,50,Somewhat Walkable,2014-12-21 10:24:21.532630
37.71,-122.4675,1,63,Somewhat Walkable,2015-03-28 08:20:24.487790
37.71,-122.463,1,70,Somewhat Walkable,2015-05-28 16:14:27.787850
37.71,-122.4585,1,79,Very Walkable,2015-06-04 11:54:56.102800
37.71,-122.4525,1,80,Very Walkable,2015-03-30 15:36:44.709190
37.71,-122.448,1,79,Very Walkable,2015-04-08 16:50:31.471710
37.71,-122.4435,1,66,Somewhat Walkable,2015-01-29 21:10:44.905060
37.71,-122.4375,1,74,Very Walkable,2015-04-08 16:49:37.589850
37.71,-122.433,1,61,Somewhat Walkable,2015-04-03 11:43:26.516420
37.71,-122.4285,1,45,Car-Dependent,2015-04-07 23:28:04.171830
37.71,-122.4225,1,47,Car-Dependent,2015-04-14 02:36:08.346660
37.71,-122.418,1,60,Somewhat Walkable,2015-04-19 22:08:12.727320
37.71,-122.4135,1,66,Somewhat Walkable,2015-04-04 01:16:21.423210
37.71,-122.4075,1,75,Very Walkable,2015-04-07 23:28:00.526740
37.71,-122.403,1,71,Very Walkable,2015-04-08 16:50:16.268670
37.71,-122.3985,1,55,Somewhat Walkable,2015-05-08 07:23:54.279000
37.71,-122.3925,1,41,Car-Dependent,2015-04-06 17:11:57.913800
37.71,-122.388,1,26,Car-Dependent,2015-04-09 02:09:43.309450
37.71,-122.3835,1,20,Car-Dependent,2015-02-10 14:46:41.906970
37.71,-122.3775,1,8,Car-Dependent,2015-04-09 02:10:42.554680
37.71,-122.373,1,6,Car-Dependent,2013-08-10 14:53:30.847310
37.71,-122.3685,1,4,Car-Dependent,2013-08-10 14:53:30.945730
37.71,-122.3625,1,1,Car-Dependent,2013-08-10 14:53:31.954090
37.71,-122.358,1,0,Car-Dependent,2013-08-10 14:53:31.981440
37.71,-122.3535,1,0,Car-Dependent,2013-08-10 14:53:32.025700
37.7145,-122.5185,1,0,Car-Dependent,2013-08-10 17:18:51.266800
37.7145,-122.5125,1,1,Car-Dependent,2013-08-10 17:18:51.321500
37.7145,-122.508,1,3,Car-Dependent,2013-08-10 17:18:51.372540
37.7145,-122.5035,1,2,Car-Dependent,2015-04-08 20:46:33.741080
37.7145,-122.4975,1,7,Car-Dependent,2015-04-08 16:50:30.698710
37.7145,-122.493,1,12,Car-Dependent,2015-04-17 01:14:43.399870
37.7145,-122.4885,1,14,Car-Dependent,2015-04-08 16:49:16.987270
37.7145,-122.4825,1,33,Car-Dependent,2015-04-08 16:49:23.783490
37.7145,-122.478,1,45,Car-Dependent,2015-06-07 14:14:35.521140
37.7145,-122.4735,1,75,Very Walkable,2015-05-15 12:57:00.455900
37.7145,-122.4675,1,76,Very Walkable,2015-03-16 19:20:49.404400
37.7145,-122.463,1,67,Somewhat Walkable,2015-03-16 19:20:52.526270
37.7145,-122.4585,1,60,Somewhat Walkable,2015-05-11 11:01:21.382450
37.7145,-122.4525,1,45,Car-Dependent,2015-03-16 19:20:50.768770
37.7145,-122.448,1,80,Very Walkable,2014-12-28 16:09:24.247410
37.7145,-122.4435,1,90,Very Walkable,2015-05-28 16:14:25.595110
37.7145,-122.4375,1,89,Very Walkable,2015-05-02 06:15:16.110630
37.7145,-122.433,1,80,Very Walkable,2015-05-15 12:56:41.453180
37.7145,-122.4285,1,28,Car-Dependent,2015-04-08 16:50:06.494680
37.7145,-122.4225,1,35,Car-Dependent,2015-04-08 16:50:22.492130
37.7145,-122.418,1,50,Somewhat Walkable,2015-04-08 16:50:30.188230
37.7145,-122.4135,1,63,Somewhat Walkable,2015-04-09 02:09:33.158780
37.7145,-122.4075,1,71,Very Walkable,2015-05-29 21:35:20.907210
37.7145,-122.403,1,69,Somewhat Walkable,2015-04-03 03:01:22.095340
37.7145,-122.3985,1,65,Somewhat Walkable,2015-04-14 23:50:22.105770
37.7145,-122.3925,1,31,Car-Dependent,2015-05-12 07:55:33.847500
37.7145,-122.388,1,48,Car-Dependent,2014-12-18 23:45:12.047820
37.7145,-122.3835,1,33,Car-Dependent,2015-04-21 02:29:56.719200
37.7145,-122.3775,1,11,Car-Dependent,2015-04-09 02:10:26.034760
37.7145,-122.373,1,7,Car-Dependent,2013-08-10 14:54:10.415810
37.7145,-122.3685,1,4,Car-Dependent,2013-08-10 14:54:10.459610
37.7145,-122.3625,1,0,Car-Dependent,2015-04-09 02:09:56.354600
37.7145,-122.358,1,0,Car-Dependent,2015-04-09 02:10:18.017710
37.7145,-122.3535,1,0,Car-Dependent,2013-08-10 14:54:10.587070
37.7205,-122.5185,1,0,Car-Dependent,2014-09-05 10:53:05.398820
37.7205,-122.5125,1,1,Car-Dependent,2014-09-05 10:53:08.661210
37.7205,-122.508,1,5,Car-Dependent,2013-08-10 17:20:08.123330
37.7205,-122.5035,1,5,Car-Dependent,2015-04-08 20:46:42.185080
37.7205,-122.4975,1,5,Car-Dependent,2015-04-08 16:49:31.135330
37.7205,-122.493,1,12,Car-Dependent,2015-01-08 20:26:22.787790
37.7205,-122.4885,1,25,Car-Dependent,2015-03-04 04:58:06.200500
37.7205,-122.4825,1,81,Very Walkable,2015-04-15 13:47:13.576010
37.7205,-122.478,1,84,Very Walkable,2015-04-24 10:06:48.769010
37.7205,-122.4735,1,83,Very Walkable,2015-04-03 04:24:18.017160
37.7205,-122.4675,1,65,Somewhat Walkable,2015-05-16 09:46:01.757700
37.7205,-122.463,1,74,Very Walkable,2015-04-25 23:23:48.275810
37.7205,-122.4585,1,79,Very Walkable,2015-04-03 04:24:18.062600
37.7205,-122.4525,1,70,Very Walkable,2015-03-29 00:15:38.965250
37.7205,-122.448,1,74,Very Walkable,2015-04-03 04:24:17.708510
37.7205,-122.4435,1,84,Very Walkable,2015-05-23 18:29:52.592020
37.7205,-122.4375,1,91,Walker's Paradise,2015-05-17 18:40:15.631290
37.7205,-122.433,1,86,Very Walkable,2015-04-29 20:33:58.320350
37.7205,-122.4285,1,74,Very Walkable,2015-04-01 07:02:59.485780
37.7205,-122.4225,1,15,Car-Dependent,2015-04-09 02:09:05.596790
37.7205,-122.418,1,24,Car-Dependent,2015-04-09 02:10:06.083440
37.7205,-122.4135,1,33,Car-Dependent,2015-05-12 07:55:11.947910
37.7205,-122.4075,1,61,Somewhat Walkable,2015-01-29 21:10:46.093730
37.7205,-122.403,1,72,Very Walkable,2015-04-01 03:34:19.308190
37.7205,-122.3985,1,72,Very Walkable,2015-04-08 16:49:42.570790
37.7205,-122.3925,1,77,Very Walkable,2015-03-31 10:43:46.376250
37.7205,-122.388,1,63,Somewhat Walkable,2015-04-20 03:46:28.605230
37.7205,-122.3835,1,48,Car-Dependent,2015-04-09 02:10:41.388820
37.7205,-122.3775,1,2,Car-Dependent,2014-09-03 06:13:39.846240
37.7205,-122.373,1,4,Car-Dependent,2015-04-09 02:09:05.719430
37.7205,-122.3685,1,7,Car-Dependent,2015-04-09 02:10:46.727160
37.7205,-122.3625,1,4,Car-Dependent,2015-04-09 02:10:44.724230
37.7205,-122.358,1,1,Car-Dependent,2013-08-10 14:54:58.161880
37.7205,-122.3535,1,0,Car-Dependent,2013-08-10 14:54:58.212510
37.725,-122.5185,1,0,Car-Dependent,2014-09-05 10:53:01.079050
37.725,-122.5125,1,4,Car-Dependent,2014-09-05 10:53:11.188490
37.725,-122.508,1,7,Car-Dependent,2015-05-12 09:00:05.656600
37.725,-122.5035,1,12,Car-Dependent,2015-01-03 07:13:16.204840
37.725,-122.4975,1,14,Car-Dependent,2015-03-27 13:44:47.274930
37.725,-122.493,1,18,Car-Dependent,2015-05-12 07:55:50.048050
37.725,-122.4885,1,27,Car-Dependent,2015-04-08 16:49:30.366390
37.725,-122.4825,1,77,Very Walkable,2015-05-28 16:14:27.885370
37.725,-122.478,1,82,Very Walkable,2015-04-08 16:50:26.711590
37.725,-122.4735,1,83,Very Walkable,2015-04-27 02:15:14.324050
37.725,-122.4675,1,78,Very Walkable,2015-05-20 00:08:20.331340
37.725,-122.463,1,88,Very Walkable,2015-03-30 19:50:45.883990
37.725,-122.4585,1,85,Very Walkable,2015-03-16 19:20:49.101470
37.725,-122.4525,1,61,Somewhat Walkable,2015-05-09 04:40:33.530070
37.725,-122.448,1,54,Somewhat Walkable,2015-02-09 20:57:02.626320
37.725,-122.4435,1,77,Very Walkable,2015-04-27 06:20:24.686700
37.725,-122.4375,1,89,Very Walkable,2015-01-08 20:26:24.756390
37.725,-122.433,1,90,Walker's Paradise,2015-03-30 19:50:45.668570
37.725,-122.4285,1,78,Very Walkable,2015-04-05 14:25:32.024510
37.725,-122.4225,1,54,Somewhat Walkable,2015-05-21 03:15:15.107050
37.725,-122.418,1,40,Car-Dependent,2015-04-08 16:49:10.603830
37.725,-122.4135,1,45,Car-Dependent,2015-06-03 01:23:21.674750
37.725,-122.4075,1,79,Very Walkable,2015-05-12 07:55:46.907530
37.725,-122.403,1,84,Very Walkable,2015-05-05 20:28:19.046420
37.725,-122.3985,1,69,Somewhat Walkable,2015-03-18 17:27:21.292340
37.725,-122.3925,1,82,Very Walkable,2015-04-05 05:25:20.177060
37.725,-122.388,1,78,Very Walkable,2014-12-21 10:24:24.133820
37.725,-122.3835,1,58,Somewhat Walkable,2015-03-29 00:15:39.245360
37.725,-122.3775,1,42,Car-Dependent,2015-04-09 02:09:05.204830
37.725,-122.373,1,32,Car-Dependent,2015-04-09 02:10:48.759120
37.725,-122.3685,1,20,Car-Dependent,2015-06-05 01:35:56.893970
37.725,-122.3625,1,9,Car-Dependent,2015-04-09 02:09:02.638880
37.725,-122.358,1,5,Car-Dependent,2015-04-09 02:10:41.455800
37.725,-122.3535,1,1,Car-Dependent,2013-08-10 14:55:37.398090
37.7295,-122.5185,1,1,Car-Dependent,2014-09-05 10:53:03.364390
37.7295,-122.5125,1,9,Car-Dependent,2014-09-05 10:53:08.775300
37.7295,-122.508,1,23,Car-Dependent,2015-04-08 20:46:33.294190
37.7295,-122.5035,1,21,Car-Dependent,2015-02-11 23:16:01.396240
37.7295,-122.4975,1,48,Car-Dependent,2015-05-29 21:35:20.885590
37.7295,-122.493,1,61,Somewhat Walkable,2015-04-30 02:53:54.845620
37.7295,-122.4885,1,65,Somewhat Walkable,2015-05-31 14:21:52.326760
37.7295,-122.4825,1,58,Somewhat Walkable,2015-04-08 16:49:39.885040
37.7295,-122.478,1,86,Very Walkable,2015-03-29 00:15:39.327460
37.7295,-122.4735,1,81,Very Walkable,2015-05-08 02:50:55.957890
37.7295,-122.4675,1,78,Very Walkable,2015-04-25 03:58:36.338250
37.7295,-122.463,1,73,Very Walkable,2015-04-06 13:11:09.034530
37.7295,-122.4585,1,77,Very Walkable,2015-04-08 16:49:09.052000
37.7295,-122.4525,1,76,Very Walkable,2015-03-30 19:50:45.946170
37.7295,-122.448,1,75,Very Walkable,2015-01-07 04:01:43.238440
37.7295,-122.4435,1,68,Somewhat Walkable,2015-01-10 19:36:05.716640
37.7295,-122.4375,1,80,Very Walkable,2015-04-08 16:50:18.813880
37.7295,-122.433,1,83,Very Walkable,2015-04-08 16:50:16.674710
37.7295,-122.4285,1,80,Very Walkable,2015-04-07 23:28:04.284460
37.7295,-122.4225,1,64,Somewhat Walkable,2015-03-31 05:02:32.323890
37.7295,-122.418,1,52,Somewhat Walkable,2015-05-17 18:40:12.975420
37.7295,-122.4135,1,65,Somewhat Walkable,2015-04-01 05:54:54.290900
37.7295,-122.4075,1,85,Very Walkable,2015-04-19 15:39:51.321530
37.7295,-122.403,1,88,Very Walkable,2015-05-13 14:54:17.797750
37.7295,-122.3985,1,85,Very Walkable,2015-06-10 13:05:02.824170
37.7295,-122.3925,1,89,Very Walkable,2015-03-16 19:20:49.325030
37.7295,-122.388,1,80,Very Walkable,2015-01-07 04:01:42.925160
37.7295,-122.3835,1,69,Somewhat Walkable,2015-03-31 06:52:18.272660
37.7295,-122.3775,1,39,Car-Dependent,2015-04-04 03:44:03.306500
37.7295,-122.373,1,29,Car-Dependent,2014-12-31 22:44:22.858410
37.7295,-122.3685,1,17,Car-Dependent,2015-04-09 02:10:38.803190
37.7295,-122.3625,1,10,Car-Dependent,2015-04-09 02:10:01.478290
37.7295,-122.358,1,5,Car-Dependent,2015-04-09 02:09:05.267390
37.7295,-122.3535,1,1,Car-Dependent,2013-08-10 14:56:14.832510
37.7355,-122.5185,1,3,Car-Dependent,2014-09-05 10:53:04.014620
37.7355,-122.5125,1,18,Car-Dependent,2014-09-05 10:53:08.738680
37.7355,-122.508,1,55,Somewhat Walkable,2015-04-08 20:46:36.562890
37.7355,-122.5035,1,68,Somewhat Walkable,2015-04-08 20:46:42.360270
37.7355,-122.4975,1,73,Very Walkable,2015-03-31 22:49:56.461530
37.7355,-122.493,1,71,Very Walkable,2015-01-28 10:21:53.739820
37.7355,-122.4885,1,71,Very Walkable,2015-04-19 09:07:54.289220
37.7355,-122.4825,1,60,Somewhat Walkable,2015-04-17 13:38:28.638680
37.7355,-122.478,1,68,Somewhat Walkable,2015-03-12 03:25:02.741940
37.7355,-122.4735,1,83,Very Walkable,2015-04-17 00:29:38.215830
37.7355,-122.4675,1,86,Very Walkable,2015-04-10 18:11:51.910490
37.7355,-122.463,1,79,Very Walkable,2015-04-07 23:28:09.236660
37.7355,-122.4585,1,54,Somewhat Walkable,2015-04-02 19:04:34.242700
37.7355,-122.4525,1,44,Car-Dependent,2015-04-07 23:28:09.018810
37.7355,-122.448,1,54,Somewhat Walkable,2015-04-01 18:17:48.736390
37.7355,-122.4435,1,52,Somewhat Walkable,2015-04-02 06:10:24.372000
37.7355,-122.4375,1,77,Very Walkable,2015-03-30 19:50:44.129470
37.7355,-122.433,1,83,Very Walkable,2015-03-29 11:32:37.650430
37.7355,-122.4285,1,83,Very Walkable,2015-04-03 04:24:17.859640
37.7355,-122.4225,1,83,Very Walkable,2015-04-11 22:43:57.140890
37.7355,-122.418,1,83,Very Walkable,2015-05-06 00:19:37.860350
37.7355,-122.4135,1,83,Very Walkable,2015-03-30 06:44:11.025740
37.7355,-122.4075,1,84,Very Walkable,2015-03-22 18:50:14.804270
37.7355,-122.403,1,80,Very Walkable,2015-04-01 14:57:44.935730
37.7355,-122.3985,1,83,Very Walkable,2015-03-29 11:32:37.610270
37.7355,-122.3925,1,89,Very Walkable,2015-04-17 02:35:06.572550
37.7355,-122.388,1,87,Very Walkable,2015-04-21 20:45:07.592320
37.7355,-122.3835,1,71,Very Walkable,2015-05-29 21:35:22.628460
37.7355,-122.3775,1,42,Car-Dependent,2015-04-09 02:10:44.124660
37.7355,-122.373,1,24,Car-Dependent,2015-04-09 02:10:31.732170
37.7355,-122.3685,1,11,Car-Dependent,2013-08-10 14:57:02.748960
37.7355,-122.3625,1,2,Car-Dependent,2014-09-03 06:13:24.531500
37.7355,-122.358,1,3,Car-Dependent,2013-08-10 14:57:03.917330
37.7355,-122.3535,1,1,Car-Dependent,2013-08-10 14:57:03.947400
37.74,-122.5185,1,3,Car-Dependent,2014-09-05 10:53:03.831610
37.74,-122.5125,1,23,Car-Dependent,2014-09-05 10:53:08.352540
37.74,-122.508,1,59,Somewhat Walkable,2015-04-08 20:46:37.234260
37.74,-122.5035,1,76,Very Walkable,2015-05-06 01:05:10.350920
37.74,-122.4975,1,78,Very Walkable,2015-04-06 04:45:41.283710
37.74,-122.493,1,73,Very Walkable,2015-04-12 08:18:36.442310
37.74,-122.4885,1,72,Very Walkable,2015-01-09 22:57:06.230880
37.74,-122.4825,1,82,Very Walkable,2015-04-07 23:28:09.306370
37.74,-122.478,1,87,Very Walkable,2015-05-02 05:33:46.509490
37.74,-122.4735,1,88,Very Walkable,2015-04-06 21:58:32.370620
37.74,-122.4675,1,91,Walker's Paradise,2015-05-18 03:58:35.430250
37.74,-122.463,1,88,Very Walkable,2015-03-30 22:28:41.511070
37.74,-122.4585,1,74,Very Walkable,2015-04-04 18:48:38.339100
37.74,-122.4525,1,26,Car-Dependent,2015-05-03 01:57:39.304440
37.74,-122.448,1,60,Somewhat Walkable,2015-04-08 16:49:30.784040
37.74,-122.4435,1,38,Car-Dependent,2014-12-18 04:54:13.886350
37.74,-122.4375,1,56,Somewhat Walkable,2015-05-28 16:14:25.460310
37.74,-122.433,1,63,Somewhat Walkable,2015-01-22 11:47:34.260370
37.74,-122.4285,1,87,Very Walkable,2015-03-28 09:14:17.677950
37.74,-122.4225,1,92,Walker's Paradise,2015-04-03 22:46:19.611360
37.74,-122.418,1,91,Walker's Paradise,2015-04-29 19:05:07.007080
37.74,-122.4135,1,89,Very Walkable,2015-01-04 13:48:19.226900
37.74,-122.4075,1,82,Very Walkable,2014-11-17 18:11:27.645700
37.74,-122.403,1,75,Very Walkable,2015-04-26 17:37:13.434380
37.74,-122.3985,1,80,Very Walkable,2014-12-21 10:24:23.520370
37.74,-122.3925,1,79,Very Walkable,2014-11-14 10:17:37.712670
37.74,-122.388,1,86,Very Walkable,2015-01-12 00:40:13.540930
37.74,-122.3835,1,75,Very Walkable,2015-01-13 04:34:53.816770
37.74,-122.3775,1,40,Car-Dependent,2014-12-25 09:29:47.272710
37.74,-122.373,1,12,Car-Dependent,2015-04-08 16:50:22.123030
37.74,-122.3685,1,6,Car-Dependent,2015-04-08 16:49:09.081800
37.74,-122.3625,1,2,Car-Dependent,2014-09-03 06:13:29.750300
37.74,-122.358,1,3,Car-Dependent,2013-08-10 14:57:40.372650
37.74,-122.3535,1,1,Car-Dependent,2013-08-10 14:57:40.460430
37.7445,-122.5185,1,4,Car-Dependent,2013-08-10 17:25:09.966850
37.7445,-122.5125,1,24,Car-Dependent,2013-08-10 17:25:10.041880
37.7445,-122.508,1,51,Somewhat Walkable,2015-04-08 20:46:36.448750
37.7445,-122.5035,1,69,Somewhat Walkable,2015-05-10 21:46:49.593670
37.7445,-122.4975,1,77,Very Walkable,2015-03-30 15:36:41.539130
37.7445,-122.493,1,74,Very Walkable,2015-05-02 02:30:15.291820
37.7445,-122.4885,1,79,Very Walkable,2015-04-13 20:17:46.530560
37.7445,-122.4825,1,86,Very Walkable,2015-03-30 19:50:46.991050
37.7445,-122.478,1,88,Very Walkable,2015-04-11 01:48:57.414530
37.7445,-122.4735,1,85,Very Walkable,2015-05-12 07:55:23.899870
37.7445,-122.4675,1,80,Very Walkable,2015-04-08 16:49:22.049100
37.7445,-122.463,1,80,Very Walkable,2015-02-17 14:35:27.822250
37.7445,-122.4585,1,76,Very Walkable,2015-05-12 02:06:29.966820
37.7445,-122.4525,1,75,Very Walkable,2015-04-04 01:16:21.510240
37.7445,-122.448,1,51,Somewhat Walkable,2015-01-27 03:54:16.122030
37.7445,-122.4435,1,58,Somewhat Walkable,2015-05-06 18:16:59.169950
37.7445,-122.4375,1,71,Very Walkable,2015-04-06 19:12:11.270440
37.7445,-122.433,1,81,Very Walkable,2015-05-16 09:46:17.809940
37.7445,-122.4285,1,92,Walker's Paradise,2015-01-03 02:46:32.551600
37.7445,-122.4225,1,95,Walker's Paradise,2015-03-30 19:50:40.938320
37.7445,-122.418,1,92,Walker's Paradise,2014-12-31 22:44:23.724430
37.7445,-122.4135,1,81,Very Walkable,2015-04-15 17:53:53.659040
37.7445,-122.4075,1,79,Very Walkable,2015-04-21 10:53:17.806090
37.7445,-122.403,1,83,Very Walkable,2015-05-05 18:24:09.703220
37.7445,-122.3985,1,67,Somewhat Walkable,2014-12-21 10:24:27.989960
37.7445,-122.3925,1,61,Somewhat Walkable,2015-04-08 16:49:02.194720
37.7445,-122.388,1,61,Somewhat Walkable,2015-05-03 14:33:48.804420
37.7445,-122.3835,1,53,Somewhat Walkable,2015-04-08 16:50:16.574550
37.7445,-122.3775,1,23,Car-Dependent,2015-04-08 16:50:50.231670
37.7445,-122.373,1,15,Car-Dependent,2015-04-08 16:49:50.446220
37.7445,-122.3685,1,8,Car-Dependent,2013-08-10 14:58:14.217810
37.7445,-122.3625,1,4,Car-Dependent,2013-08-10 14:58:14.281080
37.7445,-122.358,1,2,Car-Dependent,2013-08-10 14:58:14.333200
37.7445,-122.3535,1,0,Car-Dependent,2015-03-06 17:15:38.282150
37.7505,-122.5185,1,4,Car-Dependent,2014-09-05 10:50:20.730130
37.7505,-122.5125,1,24,Car-Dependent,2014-09-05 10:50:37.854660
37.7505,-122.508,1,66,Somewhat Walkable,2015-04-01 00:42:17.250380
37.7505,-122.5035,1,77,Very Walkable,2015-04-12 08:29:41.668230
37.7505,-122.4975,1,75,Very Walkable,2015-04-09 02:00:17.035790
37.7505,-122.493,1,79,Very Walkable,2015-04-27 07:27:41.068310
37.7505,-122.4885,1,77,Very Walkable,2015-03-25 01:28:16.617090
37.7505,-122.4825,1,75,Very Walkable,2015-03-17 15:24:04.049380
37.7505,-122.478,1,83,Very Walkable,2015-01-13 04:40:53.474670
37.7505,-122.4735,1,74,Very Walkable,2015-01-07 20:05:39.440450
37.7505,-122.4675,1,48,Car-Dependent,2015-04-04 01:32:41.426160
37.7505,-122.463,1,45,Car-Dependent,2015-04-17 05:41:34.438530
37.7505,-122.4585,1,28,Car-Dependent,2015-04-09 01:59:20.063160
37.7505,-122.4525,1,44,Car-Dependent,2015-05-13 15:19:10.459020
37.7505,-122.448,1,47,Car-Dependent,2015-02-01 14:05:56.319010
37.7505,-122.4435,1,58,Somewhat Walkable,2015-05-26 17:50:35.833930
37.7505,-122.4375,1,92,Walker's Paradise,2015-03-24 18:18:10.906750
37.7505,-122.433,1,96,Walker's Paradise,2015-04-11 22:36:28.024270
37.7505,-122.4285,1,96,Walker's Paradise,2015-05-17 15:59:58.356170
37.7505,-122.4225,1,96,Walker's Paradise,2015-05-28 16:12:02.078590
37.7505,-122.418,1,99,Walker's Paradise,2015-04-17 04:50:30.904120
37.7505,-122.4135,1,95,Walker's Paradise,2015-01-29 21:26:30.048600
37.7505,-122.4075,1,92,Walker's Paradise,2015-05-05 11:07:12.503440
37.7505,-122.403,1,84,Very Walkable,2015-02-06 13:59:36.320130
37.7505,-122.3985,1,77,Very Walkable,2015-01-13 04:40:53.743610
37.7505,-122.3925,1,80,Very Walkable,2015-06-02 22:24:20.958010
37.7505,-122.388,1,65,Somewhat Walkable,2015-04-05 16:39:56.685610
37.7505,-122.3835,1,47,Car-Dependent,2015-04-30 04:28:32.218770
37.7505,-122.3775,1,14,Car-Dependent,2015-04-09 01:59:23.738930
37.7505,-122.373,1,6,Car-Dependent,2014-09-03 06:23:21.113020
37.7505,-122.3685,1,5,Car-Dependent,2013-08-11 01:26:06.908860
37.7505,-122.3625,1,0,Car-Dependent,2014-09-03 06:23:23.017080
37.7505,-122.358,1,1,Car-Dependent,2013-08-11 01:26:07.157860
37.7505,-122.3535,1,0,Car-Dependent,2013-08-11 01:26:07.230420
37.755,-122.5185,1,6,Car-Dependent,2014-09-12 16:36:43.546890
37.755,-122.5125,1,44,Car-Dependent,2015-05-12 03:00:01.094720
37.755,-122.508,1,74,Very Walkable,2015-05-28 21:10:58.521410
37.755,-122.5035,1,80,Very Walkable,2015-04-07 23:58:06.341710
37.755,-122.4975,1,81,Very Walkable,2015-04-03 09:58:06.701390
37.755,-122.493,1,83,Very Walkable,2015-03-23 20:15:52.454360
37.755,-122.4885,1,79,Very Walkable,2015-03-27 23:16:39.445110
37.755,-122.4825,1,81,Very Walkable,2015-03-30 06:20:51.518350
37.755,-122.478,1,79,Very Walkable,2015-04-07 23:29:00.142040
37.755,-122.4735,1,67,Somewhat Walkable,2015-03-26 16:15:18.996320
37.755,-122.4675,1,65,Somewhat Walkable,2015-03-24 22:51:49.438100
37.755,-122.463,1,52,Somewhat Walkable,2015-04-07 23:29:00.095780
37.755,-122.4585,1,37,Car-Dependent,2015-04-07 23:28:49.495170
37.755,-122.4525,1,19,Car-Dependent,2015-04-09 02:00:34.550310
37.755,-122.448,1,22,Car-Dependent,2015-01-15 18:24:34.347970
37.755,-122.4435,1,33,Car-Dependent,2015-05-20 09:54:24.179810
37.755,-122.4375,1,87,Very Walkable,2015-05-28 16:12:07.300350
37.755,-122.433,1,91,Walker's Paradise,2015-03-23 20:15:54.062460
37.755,-122.4285,1,91,Walker's Paradise,2015-05-12 02:00:48.406360
37.755,-122.4225,1,98,Walker's Paradise,2015-01-03 02:48:34.712920
37.755,-122.418,1,98,Walker's Paradise,2015-06-06 08:50:27.722920
37.755,-122.4135,1,96,Walker's Paradise,2015-01-01 07:44:08.974510
37.755,-122.4075,1,94,Walker's Paradise,2015-05-19 01:26:59.874660
37.755,-122.403,1,89,Very Walkable,2015-05-28 16:12:09.449890
37.755,-122.3985,1,81,Very Walkable,2015-03-25 10:08:48.044640
37.755,-122.3925,1,78,Very Walkable,2015-05-01 02:00:48.261060
37.755,-122.388,1,81,Very Walkable,2015-03-16 19:21:58.795520
37.755,-122.3835,1,47,Car-Dependent,2015-01-07 04:41:50.651030
37.755,-122.3775,1,19,Car-Dependent,2013-08-11 01:26:43.316160
37.755,-122.373,1,8,Car-Dependent,2013-08-11 01:26:43.389830
37.755,-122.3685,1,3,Car-Dependent,2013-08-11 01:26:43.446810
37.755,-122.3625,1,1,Car-Dependent,2013-08-11 01:26:43.533270
37.755,-122.358,1,0,Car-Dependent,2013-08-11 01:26:44.600240
37.755,-122.3535,1,0,Car-Dependent,2013-08-11 01:26:44.653180
37.7595,-122.5185,1,17,Car-Dependent,2013-08-10 22:55:20.617740
37.7595,-122.5125,1,59,Somewhat Walkable,2015-04-09 02:54:18.870400
37.7595,-122.508,1,76,Very Walkable,2015-05-28 21:10:56.708820
37.7595,-122.5035,1,82,Very Walkable,2015-03-28 08:49:30.614500
37.7595,-122.4975,1,78,Very Walkable,2015-03-29 05:42:25.545330
37.7595,-122.493,1,75,Very Walkable,2015-04-09 02:00:38.410750
37.7595,-122.4885,1,81,Very Walkable,2015-04-23 07:56:44.754410
37.7595,-122.4825,1,82,Very Walkable,2015-04-28 17:53:31.635250
37.7595,-122.478,1,85,Very Walkable,2015-01-13 04:40:53.775180
37.7595,-122.4735,1,75,Very Walkable,2015-05-09 04:02:20.641440
37.7595,-122.4675,1,89,Very Walkable,2015-04-08 15:04:55.153880
37.7595,-122.463,1,87,Very Walkable,2015-03-18 06:13:18.597720
37.7595,-122.4585,1,35,Car-Dependent,2015-04-08 15:04:05.908250
37.7595,-122.4525,1,62,Somewhat Walkable,2015-04-08 15:04:35.213340
37.7595,-122.448,1,68,Somewhat Walkable,2015-03-27 03:27:07.161480
37.7595,-122.4435,1,81,Very Walkable,2015-04-18 06:46:03.918480
37.7595,-122.4375,1,97,Walker's Paradise,2015-04-22 04:09:37.135530
37.7595,-122.433,1,97,Walker's Paradise,2015-01-03 02:48:34.345960
37.7595,-122.4285,1,93,Walker's Paradise,2014-12-17 17:34:33.518930
37.7595,-122.4225,1,96,Walker's Paradise,2015-01-13 04:40:51.563900
37.7595,-122.418,1,98,Walker's Paradise,2014-12-18 04:55:40.774430
37.7595,-122.4135,1,94,Walker's Paradise,2015-04-15 20:26:08.420940
37.7595,-122.4075,1,93,Walker's Paradise,2015-04-17 05:41:34.394880
37.7595,-122.403,1,86,Very Walkable,2014-12-31 22:41:32.963690
37.7595,-122.3985,1,89,Very Walkable,2015-01-13 04:40:51.619550
37.7595,-122.3925,1,80,Very Walkable,2015-03-27 08:58:27.037910
37.7595,-122.388,1,81,Very Walkable,2015-06-06 00:46:21.730510
37.7595,-122.3835,1,51,Somewhat Walkable,2015-05-12 08:06:13.784670
37.7595,-122.3775,1,21,Car-Dependent,2013-08-11 01:27:17.538520
37.7595,-122.373,1,8,Car-Dependent,2013-08-11 01:27:17.584280
37.7595,-122.3685,1,3,Car-Dependent,2013-08-11 01:27:18.923120
37.7595,-122.3625,1,1,Car-Dependent,2013-08-11 01:27:18.989160
37.7595,-122.358,1,0,Car-Dependent,2013-08-11 01:27:19.056020
37.7595,-122.3535,1,0,Car-Dependent,2013-08-11 01:27:19.121200
37.7655,-122.5185,1,15,Car-Dependent,2013-08-10 22:56:28.812770
37.7655,-122.5125,1,46,Car-Dependent,2015-04-08 17:02:26.734240
37.7655,-122.508,1,59,Somewhat Walkable,2015-01-05 19:41:24.211410
37.7655,-122.5035,1,70,Somewhat Walkable,2015-04-08 17:02:27.968410
37.7655,-122.4975,1,61,Somewhat Walkable,2015-04-08 15:04:36.502370
37.7655,-122.493,1,60,Somewhat Walkable,2015-05-12 08:06:08.381780
37.7655,-122.4885,1,52,Somewhat Walkable,2015-04-11 09:42:38.783600
37.7655,-122.4825,1,83,Very Walkable,2015-03-29 00:06:30.599450
37.7655,-122.478,1,88,Very Walkable,2015-04-02 00:04:46.407630
37.7655,-122.4735,1,89,Very Walkable,2015-04-06 22:02:50.657390
37.7655,-122.4675,1,96,Walker's Paradise,2015-01-13 04:40:53.860530
37.7655,-122.463,1,96,Walker's Paradise,2015-03-24 03:32:29.896670
37.7655,-122.4585,1,93,Walker's Paradise,2015-01-02 07:29:51.865360
37.7655,-122.4525,1,96,Walker's Paradise,2015-03-16 19:21:59.996170
37.7655,-122.448,1,93,Walker's Paradise,2015-03-24 22:51:48.937890
37.7655,-122.4435,1,88,Very Walkable,2015-04-17 03:18:41.451080
37.7655,-122.4375,1,83,Very Walkable,2015-04-12 08:29:11.826410
37.7655,-122.433,1,99,Walker's Paradise,2014-12-31 22:41:32.895530
37.7655,-122.4285,1,97,Walker's Paradise,2015-05-16 09:27:14.062050
37.7655,-122.4225,1,99,Walker's Paradise,2014-12-17 17:34:31.333370
37.7655,-122.418,1,98,Walker's Paradise,2015-05-24 21:32:37.886690
37.7655,-122.4135,1,95,Walker's Paradise,2015-03-22 12:29:27.095380
37.7655,-122.4075,1,94,Walker's Paradise,2015-05-26 17:50:37.364270
37.7655,-122.403,1,93,Walker's Paradise,2014-12-25 10:11:40.598510
37.7655,-122.3985,1,91,Walker's Paradise,2015-04-28 03:40:46.628620
37.7655,-122.3925,1,73,Very Walkable,2015-03-26 02:25:37.179210
37.7655,-122.388,1,79,Very Walkable,2015-04-08 15:04:17.308090
37.7655,-122.3835,1,46,Car-Dependent,2015-04-09 01:59:22.133780
37.7655,-122.3775,1,16,Car-Dependent,2013-08-11 01:28:04.574490
37.7655,-122.373,1,7,Car-Dependent,2013-08-11 01:28:05.454580
37.7655,-122.3685,1,2,Car-Dependent,2013-08-11 01:28:05.520460
37.7655,-122.3625,1,0,Car-Dependent,2013-08-11 01:28:05.631290
37.7655,-122.358,1,0,Car-Dependent,2013-08-11 01:28:05.675620
37.7655,-122.3535,1,0,Car-Dependent,2013-08-11 01:28:05.788990
37.77,-122.5185,1,10,Car-Dependent,2014-09-05 10:50:33.462590
37.77,-122.5125,1,50,Somewhat Walkable,2015-04-08 17:02:31.230800
37.77,-122.508,1,64,Somewhat Walkable,2015-05-12 03:00:01.638460
37.77,-122.5035,1,61,Somewhat Walkable,2015-04-08 17:02:32.123000
37.77,-122.4975,1,65,Somewhat Walkable,2015-05-12 08:05:44.516190
37.77,-122.493,1,54,Somewhat Walkable,2015-04-08 15:04:06.347990
37.77,-122.4885,1,35,Car-Dependent,2015-04-08 15:04:06.498300
37.77,-122.4825,1,57,Somewhat Walkable,2014-12-17 17:34:31.443300
37.77,-122.478,1,38,Car-Dependent,2015-04-08 15:04:23.494510
37.77,-122.4735,1,51,Somewhat Walkable,2015-05-12 02:00:51.952890
37.77,-122.4675,1,80,Very Walkable,2014-12-29 22:41:13.315130
37.77,-122.463,1,75,Very Walkable,2014-12-12 01:57:47.859360
37.77,-122.4585,1,82,Very Walkable,2015-04-08 15:05:37.132330
37.77,-122.4525,1,94,Walker's Paradise,2015-03-25 23:46:32.354770
37.77,-122.448,1,95,Walker's Paradise,2015-04-20 05:56:08.410550
37.77,-122.4435,1,97,Walker's Paradise,2015-06-04 16:45:14.404040
37.77,-122.4375,1,94,Walker's Paradise,2015-04-16 23:08:05.734390
37.77,-122.433,1,95,Walker's Paradise,2015-03-16 19:22:00.375770
37.77,-122.4285,1,97,Walker's Paradise,2015-03-16 19:21:59.938350
37.77,-122.4225,1,97,Walker's Paradise,2014-12-15 22:30:46.200490
37.77,-122.418,1,96,Walker's Paradise,2015-04-24 04:20:49.303120
37.77,-122.4135,1,93,Walker's Paradise,2015-03-27 21:49:27.923400
37.77,-122.4075,1,93,Walker's Paradise,2015-04-14 02:43:59.268560
37.77,-122.403,1,92,Walker's Paradise,2015-03-21 06:21:02.219210
37.77,-122.3985,1,83,Very Walkable,2015-04-26 21:53:00.677920
37.77,-122.3925,1,71,Very Walkable,2014-12-18 04:55:40.459900
37.77,-122.388,1,71,Very Walkable,2015-06-01 22:34:36.338170
37.77,-122.3835,1,30,Car-Dependent,2015-04-08 15:03:51.359500
37.77,-122.3775,1,7,Car-Dependent,2014-09-04 08:02:24.451340
37.77,-122.373,1,2,Car-Dependent,2014-09-04 08:02:06.569190
37.77,-122.3685,1,2,Car-Dependent,2013-08-11 01:28:41.215110
37.77,-122.3625,1,0,Car-Dependent,2014-09-04 08:02:06.314200
37.77,-122.358,1,0,Car-Dependent,2013-08-11 01:28:41.304580
37.77,-122.3535,1,0,Car-Dependent,2013-08-11 01:28:41.362950
37.7745,-122.5185,1,13,Car-Dependent,2014-09-05 10:50:31.992920
37.7745,-122.5125,1,64,Somewhat Walkable,2015-04-09 02:54:16.656160
37.7745,-122.508,1,75,Very Walkable,2015-03-27 21:50:57.612420
37.7745,-122.5035,1,80,Very Walkable,2015-03-29 11:35:23.610060
37.7745,-122.4975,1,86,Very Walkable,2015-03-24 03:32:26.792350
37.7745,-122.493,1,84,Very Walkable,2015-04-07 23:28:54.273290
37.7745,-122.4885,1,80,Very Walkable,2015-05-05 14:21:09.015010
37.7745,-122.4825,1,82,Very Walkable,2015-03-29 15:45:24.414860
37.7745,-122.478,1,85,Very Walkable,2015-04-11 15:19:18.773880
37.7745,-122.4735,1,82,Very Walkable,2015-04-11 01:52:20.948490
37.7745,-122.4675,1,83,Very Walkable,2015-03-23 20:15:43.048550
37.7745,-122.463,1,84,Very Walkable,2015-03-25 06:48:36.258430
37.7745,-122.4585,1,83,Very Walkable,2015-05-28 16:12:05.642440
37.7745,-122.4525,1,90,Walker's Paradise,2015-03-24 22:51:55.780990
37.7745,-122.448,1,93,Walker's Paradise,2015-04-21 23:01:52.754950
37.7745,-122.4435,1,95,Walker's Paradise,2015-05-24 21:32:44.760610
37.7745,-122.4375,1,93,Walker's Paradise,2015-04-17 17:30:41.546220
37.7745,-122.433,1,94,Walker's Paradise,2015-04-10 11:31:23.118970
37.7745,-122.4285,1,94,Walker's Paradise,2015-03-25 05:12:04.669810
37.7745,-122.4225,1,99,Walker's Paradise,2015-03-17 11:49:26.107330
37.7745,-122.418,1,97,Walker's Paradise,2015-03-20 05:59:11.234350
37.7745,-122.4135,1,96,Walker's Paradise,2015-03-17 15:24:02.562670
37.7745,-122.4075,1,95,Walker's Paradise,2015-06-07 13:11:11.263820
37.7745,-122.403,1,93,Walker's Paradise,2015-03-21 13:35:10.323330
37.7745,-122.3985,1,90,Walker's Paradise,2015-04-06 15:02:29.569730
37.7745,-122.3925,1,88,Very Walkable,2015-03-25 20:05:24.752660
37.7745,-122.388,1,74,Very Walkable,2015-03-24 18:18:09.644430
37.7745,-122.3835,1,45,Car-Dependent,2015-04-08 15:05:33.255320
37.7745,-122.3775,1,4,Car-Dependent,2014-09-04 08:02:27.418620
37.7745,-122.373,1,1,Car-Dependent,2014-09-04 08:02:06.531640
37.7745,-122.3685,1,2,Car-Dependent,2013-08-11 01:29:14.448030
37.7745,-122.3625,1,0,Car-Dependent,2014-09-04 08:01:16.982700
37.7745,-122.358,1,0,Car-Dependent,2013-08-11 01:29:14.548360
37.7745,-122.3535,1,0,Car-Dependent,2013-08-11 01:29:15.501080
37.7805,-122.5185,1,17,Car-Dependent,2015-05-12 03:00:02.733950
37.7805,-122.5125,1,52,Somewhat Walkable,2015-05-11 03:45:28.283270
37.7805,-122.508,1,66,Somewhat Walkable,2015-01-14 14:58:43.931190
37.7805,-122.5035,1,69,Somewhat Walkable,2015-03-26 16:25:42.664280
37.7805,-122.4975,1,87,Very Walkable,2015-04-18 17:57:23.505870
37.7805,-122.493,1,90,Walker's Paradise,2015-03-25 18:30:57.185550
37.7805,-122.4885,1,92,Walker's Paradise,2015-05-31 11:49:27.061540
37.7805,-122.4825,1,97,Walker's Paradise,2015-04-29 05:37:46.970960
37.7805,-122.478,1,96,Walker's Paradise,2015-04-05 07:19:57.614070
37.7805,-122.4735,1,97,Walker's Paradise,2015-04-04 17:25:45.732730
37.7805,-122.4675,1,98,Walker's Paradise,2015-05-16 09:27:07.700200
37.7805,-122.463,1,97,Walker's Paradise,2015-05-12 02:00:51.771330
37.7805,-122.4585,1,92,Walker's Paradise,2015-05-29 21:37:13.545920
37.7805,-122.4525,1,92,Walker's Paradise,2014-12-28 17:01:25.415250
37.7805,-122.448,1,91,Walker's Paradise,2015-03-25 03:38:33.802140
37.7805,-122.4435,1,91,Walker's Paradise,2015-05-16 09:27:12.141060
37.7805,-122.4375,1,95,Walker's Paradise,2015-06-15 19:17:09.194670
37.7805,-122.433,1,95,Walker's Paradise,2015-03-26 06:11:54.986240
37.7805,-122.4285,1,94,Walker's Paradise,2015-02-07 03:06:28.007390
37.7805,-122.4225,1,97,Walker's Paradise,2015-05-12 02:00:50.109690
37.7805,-122.418,1,98,Walker's Paradise,2015-01-31 04:21:17.634880
37.7805,-122.4135,1,99,Walker's Paradise,2015-03-20 05:59:10.966230
37.7805,-122.4075,1,97,Walker's Paradise,2015-03-22 23:13:47.871010
37.7805,-122.403,1,96,Walker's Paradise,2015-03-20 05:59:12.600210
37.7805,-122.3985,1,86,Very Walkable,2015-01-10 20:59:14.748350
37.7805,-122.3925,1,91,Walker's Paradise,2015-03-17 15:24:02.814470
37.7805,-122.388,1,85,Very Walkable,2015-05-23 17:50:17.754050
37.7805,-122.3835,1,50,Car-Dependent,2015-05-12 08:06:00.804030
37.7805,-122.3775,1,10,Car-Dependent,2014-09-04 08:02:00.940010
37.7805,-122.373,1,2,Car-Dependent,2014-09-04 08:01:25.371840
37.7805,-122.3685,1,2,Car-Dependent,2013-08-11 01:29:58.941930
37.7805,-122.3625,1,0,Car-Dependent,2014-09-04 08:01:42.323490
37.7805,-122.358,1,0,Car-Dependent,2013-08-11 01:30:00.057090
37.7805,-122.3535,1,0,Car-Dependent,2013-08-11 01:30:00.164990
37.785,-122.5185,1,11,Car-Dependent,2014-09-05 10:50:27.037490
37.785,-122.5125,1,23,Car-Dependent,2015-04-08 17:02:26.642710
37.785,-122.508,1,26,Car-Dependent,2015-04-08 17:02:26.349950
37.785,-122.5035,1,35,Car-Dependent,2015-04-08 17:02:24.368590
37.785,-122.4975,1,63,Somewhat Walkable,2015-04-08 15:04:20.669090
37.785,-122.493,1,79,Very Walkable,2015-03-27 21:49:29.492910
37.785,-122.4885,1,81,Very Walkable,2015-03-27 13:05:43.335880
37.785,-122.4825,1,91,Walker's Paradise,2015-04-13 12:45:05.532870
37.785,-122.478,1,90,Very Walkable,2015-05-20 00:44:18.165700
37.785,-122.4735,1,90,Walker's Paradise,2015-04-07 23:28:50.924500
37.785,-122.4675,1,97,Walker's Paradise,2015-05-16 09:27:07.556230
37.785,-122.463,1,95,Walker's Paradise,2015-05-28 16:12:07.259060
37.785,-122.4585,1,91,Walker's Paradise,2015-03-27 08:58:27.188770
37.785,-122.4525,1,94,Walker's Paradise,2015-05-06 17:04:34.214070
37.785,-122.448,1,95,Walker's Paradise,2015-04-06 19:14:04.147500
37.785,-122.4435,1,96,Walker's Paradise,2014-12-26 11:35:51.665400
37.785,-122.4375,1,96,Walker's Paradise,2015-03-25 11:49:54.953400
37.785,-122.433,1,99,Walker's Paradise,2014-12-22 03:54:50.627290
37.785,-122.4285,1,99,Walker's Paradise,2014-12-15 22:30:41.515020
37.785,-122.4225,1,98,Walker's Paradise,2015-06-06 22:32:34.341440
37.785,-122.418,1,98,Walker's Paradise,2014-12-28 17:01:26.897180
37.785,-122.4135,1,98,Walker's Paradise,2015-03-30 15:40:25.462020
37.785,-122.4075,1,99,Walker's Paradise,2015-03-25 16:54:12.012350
37.785,-122.403,1,96,Walker's Paradise,2015-05-30 18:31:36.981710
37.785,-122.3985,1,93,Walker's Paradise,2015-03-20 13:36:24.295640
37.785,-122.3925,1,86,Very Walkable,2015-05-24 21:32:38.241850
37.785,-122.388,1,84,Very Walkable,2015-03-16 19:22:00.236970
37.785,-122.3835,1,51,Somewhat Walkable,2015-05-12 08:06:08.536610
37.785,-122.3775,1,10,Car-Dependent,2014-09-04 08:02:27.091740
37.785,-122.373,1,2,Car-Dependent,2014-09-04 08:01:22.016230
37.785,-122.3685,1,1,Car-Dependent,2013-08-11 01:30:39.273590
37.785,-122.3625,1,0,Car-Dependent,2014-09-04 08:02:14.752840
37.785,-122.358,1,0,Car-Dependent,2013-08-11 01:30:39.436210
37.785,-122.3535,1,0,Car-Dependent,2013-08-11 01:30:39.509840
37.7895,-122.5185,1,2,Car-Dependent,2014-09-05 10:50:27.227220
37.7895,-122.5125,1,2,Car-Dependent,2014-09-05 10:50:41.929740
37.7895,-122.508,1,9,Car-Dependent,2013-08-10 23:01:19.148880
37.7895,-122.5035,1,11,Car-Dependent,2015-05-12 03:00:03.021610
37.7895,-122.4975,1,26,Car-Dependent,2013-08-11 01:31:07.805360
37.7895,-122.493,1,41,Car-Dependent,2013-08-11 01:31:07.913580
37.7895,-122.4885,1,51,Somewhat Walkable,2015-03-23 14:35:05.974650
37.7895,-122.4825,1,42,Car-Dependent,2015-04-22 18:59:31.387280
37.7895,-122.478,1,5,Car-Dependent,2015-04-09 01:59:56.997970
37.7895,-122.4735,1,56,Somewhat Walkable,2015-04-09 02:00:33.905700
37.7895,-122.4675,1,70,Very Walkable,2015-04-09 01:59:08.353960
37.7895,-122.463,1,52,Somewhat Walkable,2015-04-09 02:00:04.756680
37.7895,-122.4585,1,77,Very Walkable,2014-12-31 22:41:33.874170
37.7895,-122.4525,1,90,Walker's Paradise,2015-04-29 20:41:58.936360
37.7895,-122.448,1,91,Walker's Paradise,2015-03-24 11:25:38.110680
37.7895,-122.4435,1,95,Walker's Paradise,2015-03-30 15:40:24.161110
37.7895,-122.4375,1,97,Walker's Paradise,2015-05-18 03:38:02.555680
37.7895,-122.433,1,99,Walker's Paradise,2014-12-15 22:30:52.666690
37.7895,-122.4285,1,96,Walker's Paradise,2015-03-30 15:40:24.105550
37.7895,-122.4225,1,99,Walker's Paradise,2015-03-31 10:41:55.920450
37.7895,-122.418,1,99,Walker's Paradise,2015-03-18 17:27:07.442310
37.7895,-122.4135,1,99,Walker's Paradise,2015-05-06 00:12:14.068910
37.7895,-122.4075,1,100,Walker's Paradise,2015-03-19 18:50:27.486780
37.7895,-122.403,1,99,Walker's Paradise,2015-06-01 19:13:21.186590
37.7895,-122.3985,1,97,Walker's Paradise,2015-03-17 15:24:02.872570
37.7895,-122.3925,1,89,Very Walkable,2015-01-03 08:17:47.873060
37.7895,-122.388,1,80,Very Walkable,2015-03-16 19:21:58.761610
37.7895,-122.3835,1,42,Car-Dependent,2014-09-04 08:01:04.701960
37.7895,-122.3775,1,8,Car-Dependent,2014-09-04 08:01:27.248350
37.7895,-122.373,1,1,Car-Dependent,2014-09-04 08:02:06.410030
37.7895,-122.3685,1,1,Car-Dependent,2013-08-11 01:31:13.278930
37.7895,-122.3625,1,0,Car-Dependent,2014-09-04 08:01:16.221270
37.7895,-122.358,1,0,Car-Dependent,2013-08-11 01:31:13.433740
37.7895,-122.3535,1,0,Car-Dependent,2013-08-11 01:31:13.478720
37.7955,-122.5185,1,0,Car-Dependent,2014-09-05 10:50:44.699590
37.7955,-122.5125,1,0,Car-Dependent,2014-09-05 10:50:35.442650
37.7955,-122.508,1,3,Car-Dependent,2013-08-10 23:02:30.613250
37.7955,-122.5035,1,4,Car-Dependent,2013-08-10 23:02:30.687040
37.7955,-122.4975,1,2,Car-Dependent,2014-09-03 06:23:21.211190
37.7955,-122.493,1,9,Car-Dependent,2013-08-11 01:31:58.385190
37.7955,-122.4885,1,2,Car-Dependent,2014-09-05 10:54:46.044350
37.7955,-122.4825,1,5,Car-Dependent,2015-04-09 02:00:03.110730
37.7955,-122.478,1,7,Car-Dependent,2015-04-09 01:59:28.735530
37.7955,-122.4735,1,7,Car-Dependent,2015-04-16 12:28:39.031150
37.7955,-122.4675,1,16,Car-Dependent,2014-12-23 11:22:18.962250
37.7955,-122.463,1,33,Car-Dependent,2015-05-06 05:28:35.561960
37.7955,-122.4585,1,46,Car-Dependent,2015-04-09 01:59:37.984130
37.7955,-122.4525,1,73,Very Walkable,2015-05-13 21:31:38.868300
37.7955,-122.448,1,74,Very Walkable,2015-03-30 11:45:02.209210
37.7955,-122.4435,1,89,Very Walkable,2015-03-23 14:35:02.637020
37.7955,-122.4375,1,94,Walker's Paradise,2015-03-23 20:15:54.152230
37.7955,-122.433,1,97,Walker's Paradise,2015-03-22 17:12:54.914780
37.7955,-122.4285,1,95,Walker's Paradise,2015-05-16 09:27:05.787650
37.7955,-122.4225,1,98,Walker's Paradise,2015-05-15 12:50:19.058180
37.7955,-122.418,1,97,Walker's Paradise,2015-03-16 19:21:55.539080
37.7955,-122.4135,1,98,Walker's Paradise,2015-03-16 19:21:58.250580
37.7955,-122.4075,1,100,Walker's Paradise,2015-04-09 01:59:50.724460
37.7955,-122.403,1,100,Walker's Paradise,2015-03-20 17:57:36.095050
37.7955,-122.3985,1,98,Walker's Paradise,2015-03-22 12:29:27.169250
37.7955,-122.3925,1,83,Very Walkable,2015-03-25 16:54:14.264040
37.7955,-122.388,1,56,Somewhat Walkable,2014-09-04 08:01:07.086400
37.7955,-122.3835,1,21,Car-Dependent,2014-09-04 08:02:23.864770
37.7955,-122.3775,1,3,Car-Dependent,2014-09-04 08:02:03.361350
37.7955,-122.373,1,0,Car-Dependent,2014-09-04 08:01:50.250710
37.7955,-122.3685,1,1,Car-Dependent,2013-08-11 01:32:03.371340
37.7955,-122.3625,1,0,Car-Dependent,2014-09-04 08:02:01.064930
37.7955,-122.358,1,0,Car-Dependent,2013-08-11 01:32:03.485380
37.7955,-122.3535,1,0,Car-Dependent,2013-08-11 01:32:03.545310
37.8,-122.5185,1,0,Car-Dependent,2014-09-05 10:50:18.995910
37.8,-122.5125,1,0,Car-Dependent,2014-09-05 10:50:38.213490
37.8,-122.508,1,1,Car-Dependent,2013-08-10 23:03:21.742730
37.8,-122.5035,1,2,Car-Dependent,2013-08-10 23:03:22.781090
37.8,-122.4975,1,2,Car-Dependent,2013-08-11 01:32:36.846250
37.8,-122.493,1,4,Car-Dependent,2013-08-11 01:32:36.924890
37.8,-122.4885,1,0,Car-Dependent,2014-09-05 10:54:53.511340
37.8,-122.4825,1,0,Car-Dependent,2015-04-09 01:59:22.275980
37.8,-122.478,1,5,Car-Dependent,2015-04-09 02:00:12.920120
37.8,-122.4735,1,10,Car-Dependent,2015-04-04 05:41:25.760200
37.8,-122.4675,1,25,Car-Dependent,2015-04-09 01:59:11.880780
37.8,-122.463,1,32,Car-Dependent,2015-04-09 01:59:20.573630
37.8,-122.4585,1,42,Car-Dependent,2015-04-14 20:40:58.930240
37.8,-122.4525,1,77,Very Walkable,2015-04-21 09:17:23.674220
37.8,-122.448,1,88,Very Walkable,2015-04-29 19:11:39.914360
37.8,-122.4435,1,97,Walker's Paradise,2015-05-22 14:47:00.659010
37.8,-122.4375,1,98,Walker's Paradise,2015-05-23 17:50:25.850430
37.8,-122.433,1,98,Walker's Paradise,2014-12-18 04:55:42.058720
37.8,-122.4285,1,97,Walker's Paradise,2015-03-26 05:02:02.478590
37.8,-122.4225,1,97,Walker's Paradise,2015-03-25 10:41:54.768220
37.8,-122.418,1,94,Walker's Paradise,2015-03-23 20:15:41.407220
37.8,-122.4135,1,97,Walker's Paradise,2015-04-01 05:54:09.033730
37.8,-122.4075,1,100,Walker's Paradise,2015-05-16 09:27:11.652560
37.8,-122.403,1,98,Walker's Paradise,2015-03-23 06:56:46.174590
37.8,-122.3985,1,92,Walker's Paradise,2015-03-16 19:21:55.450280
37.8,-122.3925,1,52,Somewhat Walkable,2015-06-08 18:15:50.632820
37.8,-122.388,1,32,Car-Dependent,2014-09-04 08:01:57.514200
37.8,-122.3835,1,7,Car-Dependent,2014-09-04 08:01:41.912770
37.8,-122.3775,1,2,Car-Dependent,2014-09-04 08:01:04.845550
37.8,-122.373,1,0,Car-Dependent,2014-09-04 08:01:42.914900
37.8,-122.3685,1,0,Car-Dependent,2014-06-13 22:15:38.322350
37.8,-122.3625,1,0,Car-Dependent,2014-09-04 08:00:56.400190
37.8,-122.358,1,0,Car-Dependent,2013-08-11 01:32:44.947590
37.8,-122.3535,1,1,Car-Dependent,2013-08-11 01:32:46.102650
37.8045,-122.5185,1,0,Car-Dependent,2014-09-05 10:50:44.733910
37.8045,-122.5125,1,0,Car-Dependent,2014-09-05 10:50:29.009010
37.8045,-122.508,1,0,Car-Dependent,2013-08-10 23:04:16.742840
37.8045,-122.5035,1,0,Car-Dependent,2013-08-10 23:04:18.067860
37.8045,-122.4975,1,1,Car-Dependent,2013-08-11 01:33:14.172110
37.8045,-122.493,1,2,Car-Dependent,2013-08-11 01:33:14.222290
37.8045,-122.4885,1,0,Car-Dependent,2014-09-05 10:54:51.224670
37.8045,-122.4825,1,11,Car-Dependent,2013-08-11 01:33:14.401070
37.8045,-122.478,1,5,Car-Dependent,2015-04-09 02:00:38.526370
37.8045,-122.4735,1,9,Car-Dependent,2015-04-09 02:00:15.504150
37.8045,-122.4675,1,49,Car-Dependent,2015-05-26 17:50:33.335320
37.8045,-122.463,1,20,Car-Dependent,2015-04-09 02:00:10.049410
37.8045,-122.4585,1,21,Car-Dependent,2015-04-09 02:00:24.024120
37.8045,-122.4525,1,45,Car-Dependent,2015-04-09 02:00:34.230360
37.8045,-122.448,1,76,Very Walkable,2015-01-07 20:05:39.098660
37.8045,-122.4435,1,81,Very Walkable,2015-06-16 00:11:06.095150
37.8045,-122.4375,1,93,Walker's Paradise,2015-06-09 01:26:01.803200
37.8045,-122.433,1,89,Very Walkable,2015-04-07 23:28:47.699850
37.8045,-122.4285,1,88,Very Walkable,2015-04-09 01:59:11.991830
37.8045,-122.4225,1,95,Walker's Paradise,2015-03-25 07:15:13.791940
37.8045,-122.418,1,97,Walker's Paradise,2015-03-23 20:15:42.844820
37.8045,-122.4135,1,98,Walker's Paradise,2015-02-16 03:02:58.744500
37.8045,-122.4075,1,94,Walker's Paradise,2015-05-15 12:50:24.914220
37.8045,-122.403,1,87,Very Walkable,2015-03-16 19:22:00.325130
37.8045,-122.3985,1,64,Somewhat Walkable,2015-04-09 02:00:00.870140
37.8045,-122.3925,1,29,Car-Dependent,2013-08-11 01:33:19.068920
37.8045,-122.388,1,12,Car-Dependent,2014-09-04 08:01:03.577970
37.8045,-122.3835,1,2,Car-Dependent,2014-09-04 08:02:26.878850
37.8045,-122.3775,1,1,Car-Dependent,2014-04-30 09:11:49.170220
37.8045,-122.373,1,2,Car-Dependent,2014-09-04 08:00:55.924650
37.8045,-122.3685,1,2,Car-Dependent,2014-12-06 11:09:14.817460
37.8045,-122.3625,1,0,Car-Dependent,2014-09-04 08:01:39.520070
37.8045,-122.358,1,0,Car-Dependent,2013-08-11 01:33:20.492470
37.8045,-122.3535,1,1,Car-Dependent,2013-08-11 01:33:20.534010
37.8105,-122.5185,1,0,Car-Dependent,2014-09-05 10:50:25.070180
37.8105,-122.5125,1,0,Car-Dependent,2014-09-05 10:50:35.698510
37.8105,-122.508,1,1,Car-Dependent,2013-08-10 23:05:30.455610
37.8105,-122.5035,1,1,Car-Dependent,2013-08-10 23:05:30.507300
37.8105,-122.4975,1,0,Car-Dependent,2015-04-24 09:22:02.718580
37.8105,-122.493,1,2,Car-Dependent,2013-08-11 01:34:03.462340
37.8105,-122.4885,1,1,Car-Dependent,2014-09-05 10:54:46.337490
37.8105,-122.4825,1,7,Car-Dependent,2013-08-11 01:34:03.599180
37.8105,-122.478,1,10,Car-Dependent,2015-02-22 07:01:42.401680
37.8105,-122.4735,1,13,Car-Dependent,2015-04-09 01:59:44.556720
37.8105,-122.4675,1,11,Car-Dependent,2014-09-04 08:01:52.741960
37.8105,-122.463,1,1,Car-Dependent,2014-09-04 08:02:21.833240
37.8105,-122.4585,1,10,Car-Dependent,2013-08-11 01:34:05.048290
37.8105,-122.4525,1,11,Car-Dependent,2014-09-04 08:01:52.077110
37.8105,-122.448,1,23,Car-Dependent,2013-08-11 01:34:05.190060
37.8105,-122.4435,1,21,Car-Dependent,2015-03-28 06:03:12.559350
37.8105,-122.4375,1,37,Car-Dependent,2013-08-11 01:34:06.447540
37.8105,-122.433,1,31,Car-Dependent,2014-09-04 08:01:27.466560
37.8105,-122.4285,1,42,Car-Dependent,2014-09-04 08:00:50.325450
37.8105,-122.4225,1,40,Car-Dependent,2015-04-12 08:29:16.752990
37.8105,-122.418,1,81,Very Walkable,2015-05-12 02:00:48.596400
37.8105,-122.4135,1,87,Very Walkable,2015-03-25 16:54:11.926060
37.8105,-122.4075,1,76,Very Walkable,2015-04-09 01:59:25.617690
37.8105,-122.403,1,46,Car-Dependent,2013-08-11 01:34:07.848030
37.8105,-122.3985,1,20,Car-Dependent,2014-09-04 08:02:05.761580
37.8105,-122.3925,1,5,Car-Dependent,2015-02-23 00:06:17.941880
37.8105,-122.388,1,1,Car-Dependent,2014-09-04 08:01:33.738380
37.8105,-122.3835,1,1,Car-Dependent,2014-09-04 08:01:36.565450
37.8105,-122.3775,1,3,Car-Dependent,2014-09-04 08:02:27.135380
37.8105,-122.373,1,15,Car-Dependent,2015-04-09 01:59:12.094620
37.8105,-122.3685,1,5,Car-Dependent,2015-03-05 05:52:39.897160
37.8105,-122.3625,1,0,Car-Dependent,2015-02-20 15:09:31.768580
37.8105,-122.358,1,1,Car-Dependent,2013-08-11 01:34:09.557940
37.8105,-122.3535,1,1,Car-Dependent,2013-08-11 01:34:09.666070
37.815,-122.5185,1,0,Car-Dependent,2014-09-05 10:50:24.437330
37.815,-122.5125,1,1,Car-Dependent,2014-09-05 10:50:38.483730
37.815,-122.508,1,2,Car-Dependent,2013-08-10 23:06:19.333260
37.815,-122.5035,1,2,Car-Dependent,2013-08-10 23:06:19.433630
37.815,-122.4975,1,1,Car-Dependent,2013-08-11 01:34:44.081490
37.815,-122.493,1,1,Car-Dependent,2013-08-11 01:34:44.226730
37.815,-122.4885,1,0,Car-Dependent,2014-09-05 10:54:42.144110
37.815,-122.4825,1,4,Car-Dependent,2013-08-11 01:34:46.833460
37.815,-122.478,1,4,Car-Dependent,2014-07-07 04:50:28.637280
37.815,-122.4735,1,4,Car-Dependent,2014-09-04 08:01:40.507990
37.815,-122.4675,1,5,Car-Dependent,2014-09-04 08:01:12.918700
37.815,-122.463,1,2,Car-Dependent,2014-09-04 08:01:30.559200
37.815,-122.4585,1,4,Car-Dependent,2013-08-11 01:34:47.880560
37.815,-122.4525,1,3,Car-Dependent,2014-09-04 08:01:02.091930
37.815,-122.448,1,8,Car-Dependent,2013-08-11 01:34:51.242170
37.815,-122.4435,1,3,Car-Dependent,2014-09-04 08:01:55.779080
37.815,-122.4375,1,4,Car-Dependent,2014-07-23 23:32:31.000620
37.815,-122.433,1,8,Car-Dependent,2014-09-04 08:01:28.107230
37.815,-122.4285,1,12,Car-Dependent,2014-09-04 08:01:41.106320
37.815,-122.4225,1,10,Car-Dependent,2014-09-04 08:02:29.036320
37.815,-122.418,1,23,Car-Dependent,2014-09-04 08:01:14.623540
37.815,-122.4135,1,37,Car-Dependent,2013-08-11 01:34:53.173720
37.815,-122.4075,1,36,Car-Dependent,2014-09-04 08:02:01.289940
37.815,-122.403,1,23,Car-Dependent,2013-08-11 01:34:53.266990
37.815,-122.3985,1,3,Car-Dependent,2014-09-04 08:01:13.139500
37.815,-122.3925,1,3,Car-Dependent,2013-08-11 01:34:53.454610
37.815,-122.388,1,0,Car-Dependent,2014-09-04 08:02:27.010990
37.815,-122.3835,1,2,Car-Dependent,2014-09-04 08:01:02.237680
37.815,-122.3775,1,19,Car-Dependent,2014-09-04 08:01:30.799130
37.815,-122.373,1,30,Car-Dependent,2015-04-09 02:00:20.689890
37.815,-122.3685,1,26,Car-Dependent,2015-04-09 01:59:10.361390
37.815,-122.3625,1,1,Car-Dependent,2015-04-09 02:00:34.290670
37.815,-122.358,1,0,Car-Dependent,2015-05-13 21:31:51.162320
37.815,-122.3535,1,1,Car-Dependent,2013-08-11 01:34:54.648830
37.8195,-122.5185,1,4,Car-Dependent,2013-08-10 23:07:16.942200
37.8195,-122.5125,1,3,Car-Dependent,2013-08-10 23:07:16.995580
37.8195,-122.508,1,3,Car-Dependent,2013-08-10 23:07:17.029200
37.8195,-122.5035,1,3,Car-Dependent,2013-08-10 23:07:17.082650
37.8195,-122.4975,1,0,Car-Dependent,2013-08-11 01:35:22.105940
37.8195,-122.493,1,1,Car-Dependent,2013-08-11 01:35:22.145210
37.8195,-122.4885,1,2,Car-Dependent,2013-08-11 01:35:22.179500
37.8195,-122.4825,1,3,Car-Dependent,2013-08-11 01:35:22.220210
37.8195,-122.478,1,3,Car-Dependent,2013-08-11 01:35:22.253610
37.8195,-122.4735,1,4,Car-Dependent,2013-08-11 01:35:22.339740
37.8195,-122.4675,1,3,Car-Dependent,2013-08-11 01:35:22.420690
37.8195,-122.463,1,0,Car-Dependent,2015-02-27 09:56:00.527690
37.8195,-122.4585,1,1,Car-Dependent,2013-08-11 01:35:23.502450
37.8195,-122.4525,1,2,Car-Dependent,2013-08-11 01:35:23.611950
37.8195,-122.448,1,2,Car-Dependent,2013-08-11 01:35:23.734110
37.8195,-122.4435,1,3,Car-Dependent,2013-08-11 01:35:23.815910
37.8195,-122.4375,1,3,Car-Dependent,2013-08-11 01:35:24.187420
37.8195,-122.433,1,1,Car-Dependent,2014-10-12 07:03:37.379870
37.8195,-122.4285,1,6,Car-Dependent,2013-08-11 01:35:24.394880
37.8195,-122.4225,1,10,Car-Dependent,2013-08-11 01:35:26.659670
37.8195,-122.418,1,12,Car-Dependent,2013-08-11 01:35:26.708360
37.8195,-122.4135,1,14,Car-Dependent,2013-08-11 01:35:26.738050
37.8195,-122.4075,1,11,Car-Dependent,2013-08-11 01:35:26.831790
37.8195,-122.403,1,3,Car-Dependent,2014-11-26 04:26:41.694170
37.8195,-122.3985,1,3,Car-Dependent,2013-08-11 01:35:26.890660
37.8195,-122.3925,1,1,Car-Dependent,2013-08-11 01:35:26.940270
37.8195,-122.388,1,1,Car-Dependent,2013-08-11 01:35:26.973260
37.8195,-122.3835,1,4,Car-Dependent,2013-08-11 01:35:27.862330
37.8195,-122.3775,1,25,Car-Dependent,2015-03-04 14:18:30.982060
37.8195,-122.373,1,39,Car-Dependent,2015-03-01 14:00:48.171120
37.8195,-122.3685,1,37,Car-Dependent,2015-04-18 17:57:23.590860
37.8195,-122.3625,1,21,Car-Dependent,2015-04-09 02:00:20.547460
37.8195,-122.358,1,6,Car-Dependent,2013-08-11 01:35:28.117600
37.8195,-122.3535,1,2,Car-Dependent,2013-08-11 01:35:28.164040
37.8255,-122.5185,1,3,Car-Dependent,2015-05-19 08:28:29.128850
37.8255,-122.5125,1,3,Car-Dependent,2015-05-19 08:28:51.669510
37.8255,-122.508,1,3,Car-Dependent,2015-05-19 08:28:33.107290
37.8255,-122.5035,1,3,Car-Dependent,2015-05-19 08:29:08.546580
37.8255,-122.4975,1,2,Car-Dependent,2015-05-19 18:42:05.255910
37.8255,-122.493,1,0,Car-Dependent,2015-05-19 18:42:25.872800
37.8255,-122.4885,1,0,Car-Dependent,2015-05-19 18:42:05.736470
37.8255,-122.4825,1,0,Car-Dependent,2015-05-19 18:42:24.406600
37.8255,-122.478,1,1,Car-Dependent,2015-05-19 18:42:03.743050
37.8255,-122.4735,1,1,Car-Dependent,2013-08-11 01:36:08.378650
